user_name,user_message,unixTimeStamp
andreasschioettmac,please virk,1757059777
andreasschioettmac,please virk jeg ville blive glad pls,1757059781
andreasschioettmac,please virk pls,1757067018
andreasschioettmac,"please, virk pls",1757067215
andreasschioettmac,torben er en dejlig dreng,1757078158
andreasschioettmac,"torben er en dejlig pige ",1757082029
andreasschioettmac,torben er en dejlig pige,1757082073
andreasschioettmac,torben er tilbage with a vengance,1757330410
andreasschioettmac,this still works,1757332183
andreasschioettmac,this still works,1757332264
sebastianhsvendsen,brother i am testing this here too,1757510356
andreasschioettmac,this is a test,1757667210
ninacelinehansson,single test,1757850545
ninacelinehansson,hej ttt,1758116557
ropf,"Hello, World!",1684229348
ropf,Testy testy from the webby!,1684229348
,,0
maja,hej hej,1726900090